final location,year,city,loc_lat,loc_lng,total_sales - igr,total sold - igr,flat_sold - igr,office_sold - igr,others_sold - igr,shop_sold - igr,commercial_sold - igr,other_sold - igr,residential_sold - igr,flat - weighted average rate,office - weighted average rate,others - weighted average rate,shop - weighted average rate,flat - most prevailing rate - range,office - most prevailing rate - range,others - most prevailing rate - range,shop - most prevailing rate - range,total units,total carpet area supplied (sqft),flat total,shop total,office total,others total
Wakad,2020,Pune,18.597268642605,73.7626955694936,20983019240,3521,3244,139,29,109,249,8,3264,9116.946698520345,11083.53633093525,8302.806551724138,13904.59321100917,10373-11465,13237-14630,9526-10528,18241-20161,4325,2590224.09516,3310,285,235,495
Wakad,2021,Pune,18.597268642605,73.7626955694936,30257038927,5262,4548,132,445,137,669,12,4581,9289.038931398418,12588.72007575758,11690.6593258427,13989.81197080292,10323-11410,13493-14913,12202-13486,17925-19812,5030,3197303.89992,4284,178,109,459
Wakad,2022,Pune,18.597268642605,73.7626955694936,46914473973.276,6944,6378,235,87,244,495,7,6442,9734.906578864848,11746.56736170213,11139.27,14447.91155737705,10493-11597,13269-14666,12706-14043,19844-21933,4397,3479663.85624,4220,48,68,61
Wakad,2023,Pune,18.597268642605,73.7626955694936,38810863644,5484,4614,234,479,157,839,5,4640,9959.56636540962,12505.96247863248,15267.09135699374,17318.12082802548,10479-11582,14423-15942,15948-17627,21899-24204,4471,3264490.20456,3407,101,64,899
Wakad,2024,Pune,18.597268642605,73.7626955694936,29010521107.4,3760,3232,286,59,183,501,12,3247,10277.82582611386,14213.31552447553,11367.0493220339,17000.27950819672,11032-12194,16167-17869,15075-16662,20786-22974,1814,1419304.22712,1465,57,187,105